{
  "algo": "d3qn",
  "run_dir": "results/cartpole/d3qn_cf/20251208-010813",
  "episodes": 50,
  "seed": 0,
  "use_ctrl_env": false,
  "action_noise_std": 0.0,
  "mean_return": 31.559999465942383,
  "std_return": 21.469636917114258,
  "returns": [
    49.0,
    15.0,
    46.0,
    15.0,
    56.0,
    9.0,
    16.0,
    12.0,
    16.0,
    64.0,
    61.0,
    17.0,
    55.0,
    58.0,
    61.0,
    18.0,
    49.0,
    66.0,
    16.0,
    19.0,
    17.0,
    64.0,
    47.0,
    16.0,
    15.0,
    10.0,
    51.0,
    18.0,
    62.0,
    15.0,
    17.0,
    16.0,
    16.0,
    69.0,
    16.0,
    67.0,
    17.0,
    17.0,
    70.0,
    47.0,
    20.0,
    12.0,
    58.0,
    18.0,
    15.0,
    12.0,
    16.0,
    10.0,
    15.0,
    17.0
  ]
}