{
  "algo": "d3qn",
  "run_dir": "results/cartpole/d3qn_cf/20251208-024339",
  "episodes": 50,
  "seed": 0,
  "use_ctrl_env": true,
  "action_noise_std": 0.0,
  "mean_return": 22.31999969482422,
  "std_return": 15.164997100830078,
  "returns": [
    8.0,
    27.0,
    59.0,
    24.0,
    11.0,
    9.0,
    23.0,
    7.0,
    10.0,
    16.0,
    17.0,
    21.0,
    31.0,
    5.0,
    38.0,
    32.0,
    24.0,
    7.0,
    50.0,
    11.0,
    7.0,
    51.0,
    8.0,
    18.0,
    13.0,
    16.0,
    6.0,
    9.0,
    5.0,
    14.0,
    25.0,
    47.0,
    27.0,
    36.0,
    21.0,
    26.0,
    56.0,
    3.0,
    32.0,
    19.0,
    30.0,
    26.0,
    8.0,
    13.0,
    34.0,
    8.0,
    19.0,
    60.0,
    36.0,
    13.0
  ]
}