{
  "mean_return": 17.600000381469727,
  "std_return": 13.095037460327148
}