{
  "algo": "d3qn",
  "run_dir": "results/cartpole/d3qn_cf/20251208-011600/20251208-011603",
  "episodes": 50,
  "seed": 0,
  "use_ctrl_env": false,
  "action_noise_std": 0.0,
  "mean_return": 30.920000076293945,
  "std_return": 22.111812591552734,
  "returns": [
    57.0,
    84.0,
    14.0,
    24.0,
    15.0,
    50.0,
    46.0,
    13.0,
    12.0,
    66.0,
    11.0,
    15.0,
    12.0,
    14.0,
    13.0,
    50.0,
    32.0,
    33.0,
    12.0,
    12.0,
    35.0,
    11.0,
    59.0,
    36.0,
    25.0,
    37.0,
    57.0,
    77.0,
    11.0,
    22.0,
    19.0,
    40.0,
    33.0,
    13.0,
    14.0,
    16.0,
    30.0,
    74.0,
    20.0,
    25.0,
    13.0,
    41.0,
    13.0,
    33.0,
    17.0,
    15.0,
    30.0,
    105.0,
    27.0,
    13.0
  ]
}