{
  "algo": "d3qn",
  "run_dir": "results/cartpole/d3qn_real/20251207-223328",
  "episodes": 20,
  "seed": 0,
  "use_ctrl_env": true,
  "action_noise_std": 0.0,
  "mean_return": 20.100000381469727,
  "std_return": 13.214426040649414,
  "returns": [
    24.0,
    25.0,
    8.0,
    47.0,
    56.0,
    8.0,
    24.0,
    8.0,
    8.0,
    16.0,
    19.0,
    14.0,
    19.0,
    5.0,
    15.0,
    23.0,
    23.0,
    7.0,
    20.0,
    33.0
  ]
}