{
  "algo": "d3qn",
  "run_dir": "results/cartpole/d3qn_cf/20251208-011900/20251208-020252",
  "episodes": 50,
  "seed": 0,
  "use_ctrl_env": true,
  "action_noise_std": 0.0,
  "mean_return": 17.100000381469727,
  "std_return": 11.462894439697266,
  "returns": [
    35.0,
    28.0,
    8.0,
    24.0,
    10.0,
    9.0,
    26.0,
    7.0,
    7.0,
    16.0,
    35.0,
    21.0,
    7.0,
    5.0,
    13.0,
    21.0,
    27.0,
    7.0,
    31.0,
    15.0,
    6.0,
    37.0,
    7.0,
    18.0,
    12.0,
    27.0,
    6.0,
    9.0,
    5.0,
    13.0,
    20.0,
    11.0,
    10.0,
    11.0,
    19.0,
    20.0,
    8.0,
    3.0,
    32.0,
    31.0,
    20.0,
    8.0,
    6.0,
    13.0,
    47.0,
    7.0,
    21.0,
    52.0,
    11.0,
    13.0
  ]
}