{
  "mean_return": 22.31999969482422,
  "std_return": 15.012580871582031
}