{
  "total_losses": [
    0.8372132615609602,
    0.4693535159934651,
    0.3570394935933026,
    0.31465149128978903,
    0.31035940890962427,
    0.3164586235176433,
    0.3220442113551227,
    0.33170439438386395,
    0.33338896388357336,
    0.33606478571891785,
    0.3413588038899682,
    0.3435883955522017,
    0.33653473176739435,
    0.3432543250647458,
    0.34965552525086835,
    0.3448839688842947,
    0.35777168653228064,
    0.3585438511588357,
    0.372790510004217,
    0.359664035114375,
    0.3708410886200992,
    0.3693740706552159,
    0.379292757673697,
    0.3855671002106233,
    0.39243048564954236,
    0.3819308531555263,
    0.4165202853354541,
    0.4154980318112807,
    0.4099647727879611,
    0.41312537545507605,
    0.41238663413307886,
    0.4188642461191524,
    0.41932441971518775,
    0.4152563559738072,
    0.4254722581668334,
    0.4305920790542256,
    0.427886194803498,
    0.43530691076408734,
    0.44300285659053107,
    0.4371561773798682,
    0.4329413825815374,
    0.4405963366681879,
    0.435683625665578,
    0.44524960219860077,
    0.4431368424133821,
    0.45668726617639716,
    0.4569631516933441,
    0.47576729682358826,
    0.4678180746056817,
    0.46057551963762805
  ],
  "td_losses": [
    0.783752824772488,
    0.41718645800243725,
    0.30524268407713284,
    0.26294910636815155,
    0.25862926177003165,
    0.26473011482845654,
    0.2703657631169666,
    0.2798394797877832,
    0.2815796089443294,
    0.2842435775832696,
    0.2894031649286097,
    0.291693931276148,
    0.28475121137770737,
    0.29151053591208026,
    0.2977038784460588,
    0.29298109764402563,
    0.3054610328240828,
    0.3060497228394855,
    0.32011654295704584,
    0.3071465343236923,
    0.3181378333406015,
    0.3166914338415319,
    0.3266059566627849,
    0.3328282047401775,
    0.3397409143772992,
    0.32938322831283917,
    0.3634495477784764,
    0.36269180476665497,
    0.3573006716641513,
    0.3604646440256726,
    0.35966120524839923,
    0.3658567870205099,
    0.3664503205906261,
    0.36261922730640933,
    0.3728065639734268,
    0.3778093403035944,
    0.3751768429170955,
    0.3826434449716048,
    0.3901742791587656,
    0.38430810381065716,
    0.38040372187441046,
    0.3878840749913996,
    0.38308172672986984,
    0.39247210730205884,
    0.39030517637729645,
    0.403858098116788,
    0.4043612249872901,
    0.4227040112018585,
    0.4151711003346877,
    0.4081231877207756
  ],
  "cql_losses": [
    0.05346044203774496,
    0.0521670590070161,
    0.051796808330850166,
    0.05170238644561984,
    0.051730149340900505,
    0.05172850750386715,
    0.05167845010080121,
    0.05186491154811599,
    0.0518093564632264,
    0.05182120695032857,
    0.05195563760670749,
    0.051894465630704704,
    0.05178351801904765,
    0.05174378610470078,
    0.05195164189419963,
    0.05190287208692594,
    0.05231065201488408,
    0.05249412544071674,
    0.05267396586185152,
    0.05251749977469444,
    0.05270325443284078,
    0.0526826378296722,
    0.05268679880960421,
    0.05273889817974784,
    0.05268957059491764,
    0.05254762501201846,
    0.053070740096948364,
    0.052806227721951225,
    0.05266409943049604,
    0.0526607327840545,
    0.05272542719136585,
    0.05300746079195629,
    0.05287409590726549,
    0.052637127990072426,
    0.05266569080677899,
    0.052782740613276306,
    0.052709353071722115,
    0.05266347171908075,
    0.05282857777042822,
    0.05284807170656594,
    0.05253765986047008,
    0.05271225930614905,
    0.052601903676986694,
    0.05277749134058302,
    0.05283166722140529,
    0.05282916704362089,
    0.05260192433541471,
    0.053063289347020065,
    0.05264697274701162,
    0.052452333440834824
  ],
  "q_means": [
    0.8174942135810852,
    0.6737260222434998,
    1.3289865255355835,
    1.3458101749420166,
    1.4561285972595215,
    1.5390937328338623,
    1.6700491905212402,
    1.7580351829528809,
    1.8339391946792603,
    1.920027732849121,
    1.9606053829193115,
    2.1810498237609863,
    2.2488794326782227,
    2.2391304969787598,
    2.4369754791259766,
    2.541019916534424,
    2.6493282318115234,
    2.7573540210723877,
    2.876753091812134,
    2.9419331550598145,
    3.0375096797943115,
    3.266646146774292,
    3.26273775100708,
    3.3640899658203125,
    3.5062313079833984,
    3.6145999431610107,
    3.6130123138427734,
    3.8386929035186768,
    3.926988124847412,
    3.908116102218628,
    4.085977554321289,
    4.237837314605713,
    4.271633148193359,
    4.422654151916504,
    4.510192394256592,
    4.640150547027588,
    4.723957538604736,
    4.779197692871094,
    4.902108192443848,
    5.010220050811768,
    5.074955463409424,
    5.291734218597412,
    5.322601318359375,
    5.380543231964111,
    5.556591033935547,
    5.570429801940918,
    5.767995834350586,
    5.828428745269775,
    5.852619647979736,
    6.006006717681885
  ],
  "q_stds": [
    0.9535795450210571,
    0.9537155032157898,
    0.9539854526519775,
    0.9536179900169373,
    0.95391845703125,
    0.9559096693992615,
    0.9557302594184875,
    0.9602702856063843,
    0.9665157794952393,
    0.9826133251190186,
    0.9963105320930481,
    0.9985923171043396,
    1.0017435550689697,
    1.0324538946151733,
    1.0230152606964111,
    1.0315073728561401,
    1.0375986099243164,
    1.060468077659607,
    1.0355969667434692,
    1.0513091087341309,
    1.0588761568069458,
    1.0686746835708618,
    1.1039646863937378,
    1.0840075016021729,
    1.109974980354309,
    1.144997000694275,
    1.1834672689437866,
    1.130055546760559,
    1.1561816930770874,
    1.1989558935165405,
    1.2030160427093506,
    1.2269699573516846,
    1.2332566976547241,
    1.2564315795898438,
    1.281449794769287,
    1.2349512577056885,
    1.294795036315918,
    1.3467851877212524,
    1.3008215427398682,
    1.3322293758392334,
    1.3950144052505493,
    1.3771380186080933,
    1.4040485620498657,
    1.4290093183517456,
    1.4488060474395752,
    1.5074794292449951,
    1.441937804222107,
    1.5140434503555298,
    1.5668034553527832,
    1.5621384382247925
  ],
  "eval_returns": [
    {
      "epoch": 1,
      "mean": 9.0,
      "std": 2.683000087738037
    },
    {
      "epoch": 20,
      "mean": 15.5,
      "std": 10.324999809265137
    },
    {
      "epoch": 40,
      "mean": 15.079999923706055,
      "std": 11.189000129699707
    }
  ],
  "state_mean": [
    [
      -0.007896116934716702,
      0.0015473886160179973,
      -0.0051154992543160915,
      -0.017544245347380638
    ]
  ],
  "state_std": [
    [
      0.22822973132133484,
      0.4231465458869934,
      0.1055133268237114,
      0.5769768357276917
    ]
  ]
}