{
  "algo": "d3qn",
  "run_dir": "results/cartpole/d3qn_cf/20251208-004416",
  "episodes": 50,
  "seed": 0,
  "use_ctrl_env": true,
  "action_noise_std": 0.0,
  "mean_return": 20.520000457763672,
  "std_return": 14.198649406433105,
  "returns": [
    35.0,
    27.0,
    7.0,
    34.0,
    41.0,
    9.0,
    27.0,
    8.0,
    8.0,
    16.0,
    17.0,
    14.0,
    24.0,
    5.0,
    35.0,
    41.0,
    34.0,
    7.0,
    22.0,
    20.0,
    6.0,
    34.0,
    7.0,
    12.0,
    27.0,
    8.0,
    7.0,
    63.0,
    5.0,
    21.0,
    17.0,
    15.0,
    13.0,
    20.0,
    12.0,
    56.0,
    7.0,
    3.0,
    24.0,
    48.0,
    12.0,
    46.0,
    7.0,
    27.0,
    12.0,
    19.0,
    25.0,
    22.0,
    9.0,
    11.0
  ]
}