{
  "algo": "d3qn",
  "run_dir": "results/cartpole/d3qn_cf/20251208-030806",
  "episodes": 50,
  "seed": 1,
  "use_ctrl_env": true,
  "action_noise_std": 0.0,
  "mean_return": 19.1200008392334,
  "std_return": 12.62915325164795,
  "returns": [
    8.0,
    22.0,
    8.0,
    23.0,
    11.0,
    8.0,
    20.0,
    7.0,
    8.0,
    14.0,
    43.0,
    24.0,
    44.0,
    5.0,
    22.0,
    18.0,
    24.0,
    7.0,
    17.0,
    34.0,
    6.0,
    30.0,
    8.0,
    14.0,
    12.0,
    8.0,
    5.0,
    9.0,
    5.0,
    27.0,
    33.0,
    35.0,
    27.0,
    10.0,
    18.0,
    56.0,
    8.0,
    3.0,
    27.0,
    19.0,
    46.0,
    13.0,
    7.0,
    18.0,
    37.0,
    7.0,
    21.0,
    30.0,
    18.0,
    32.0
  ]
}