{
  "algo": "d3qn",
  "run_dir": "results/cartpole/d3qn_cf/20251208-002253",
  "episodes": 20,
  "seed": 0,
  "use_ctrl_env": false,
  "action_noise_std": 0.0,
  "mean_return": 25.899999618530273,
  "std_return": 13.22636890411377,
  "returns": [
    27.0,
    22.0,
    16.0,
    15.0,
    44.0,
    22.0,
    19.0,
    50.0,
    11.0,
    25.0,
    18.0,
    26.0,
    26.0,
    55.0,
    13.0,
    37.0,
    45.0,
    19.0,
    15.0,
    13.0
  ]
}