{
  "algo": "d3qn",
  "run_dir": "results/cartpole/d3qn_cf/20251208-023000/20251208-021148",
  "episodes": 50,
  "seed": 0,
  "use_ctrl_env": false,
  "action_noise_std": 0.0,
  "mean_return": 21.84000015258789,
  "std_return": 6.550775051116943,
  "returns": [
    34.0,
    11.0,
    22.0,
    19.0,
    22.0,
    19.0,
    26.0,
    13.0,
    19.0,
    17.0,
    20.0,
    25.0,
    21.0,
    12.0,
    14.0,
    39.0,
    29.0,
    21.0,
    26.0,
    20.0,
    25.0,
    15.0,
    28.0,
    28.0,
    22.0,
    15.0,
    29.0,
    28.0,
    14.0,
    31.0,
    28.0,
    17.0,
    21.0,
    18.0,
    22.0,
    15.0,
    20.0,
    35.0,
    18.0,
    27.0,
    13.0,
    29.0,
    11.0,
    30.0,
    24.0,
    15.0,
    19.0,
    19.0,
    21.0,
    26.0
  ]
}