{
  "algo": "rainbow",
  "run_dir": "results/cartpole/rainbow/20251207-223822",
  "episodes": 20,
  "seed": 0,
  "use_ctrl_env": false,
  "action_noise_std": 0.0,
  "mean_return": 9.449999809265137,
  "std_return": 0.6863327622413635,
  "returns": [
    11.0,
    10.0,
    9.0,
    9.0,
    8.0,
    9.0,
    10.0,
    9.0,
    10.0,
    9.0,
    9.0,
    9.0,
    10.0,
    9.0,
    9.0,
    10.0,
    10.0,
    9.0,
    10.0,
    10.0
  ]
}