{
  "algo": "d3qn",
  "run_dir": "results/cartpole/d3qn_cf/20251208-002507",
  "episodes": 20,
  "seed": 0,
  "use_ctrl_env": false,
  "action_noise_std": 0.0,
  "mean_return": 15.800000190734863,
  "std_return": 7.722830295562744,
  "returns": [
    22.0,
    19.0,
    13.0,
    12.0,
    18.0,
    11.0,
    9.0,
    22.0,
    9.0,
    24.0,
    19.0,
    16.0,
    9.0,
    26.0,
    38.0,
    10.0,
    9.0,
    11.0,
    10.0,
    9.0
  ]
}