{
  "mean_return": 17.18000030517578,
  "std_return": 11.853589057922363
}