{
  "algo": "d3qn",
  "run_dir": "results/cartpole/d3qn_cf/20251208-000153",
  "episodes": 20,
  "seed": 0,
  "use_ctrl_env": true,
  "action_noise_std": 0.0,
  "mean_return": 19.600000381469727,
  "std_return": 16.36556053161621,
  "returns": [
    8.0,
    14.0,
    7.0,
    42.0,
    11.0,
    11.0,
    16.0,
    8.0,
    9.0,
    16.0,
    29.0,
    8.0,
    28.0,
    5.0,
    63.0,
    55.0,
    17.0,
    7.0,
    23.0,
    15.0
  ]
}