{
  "mean_return": 14.239999771118164,
  "std_return": 8.011391639709473
}