{
  "algo": "d3qn",
  "run_dir": "results/cartpole/d3qn_cf/20251208-002914",
  "episodes": 50,
  "seed": 0,
  "use_ctrl_env": true,
  "action_noise_std": 0.0,
  "mean_return": 20.100000381469727,
  "std_return": 14.643031120300293,
  "returns": [
    16.0,
    18.0,
    38.0,
    34.0,
    14.0,
    8.0,
    24.0,
    7.0,
    10.0,
    14.0,
    27.0,
    9.0,
    24.0,
    5.0,
    31.0,
    17.0,
    19.0,
    7.0,
    51.0,
    17.0,
    6.0,
    25.0,
    7.0,
    31.0,
    14.0,
    22.0,
    6.0,
    9.0,
    5.0,
    14.0,
    34.0,
    63.0,
    12.0,
    11.0,
    21.0,
    26.0,
    60.0,
    3.0,
    32.0,
    10.0,
    12.0,
    29.0,
    6.0,
    13.0,
    60.0,
    7.0,
    20.0,
    21.0,
    10.0,
    26.0
  ]
}