{
  "algo": "d3qn",
  "run_dir": "results/cartpole/d3qn_cf/20251208-010232",
  "episodes": 50,
  "seed": 0,
  "use_ctrl_env": true,
  "action_noise_std": 0.0,
  "mean_return": 19.239999771118164,
  "std_return": 14.041570663452148,
  "returns": [
    19.0,
    31.0,
    30.0,
    52.0,
    13.0,
    8.0,
    23.0,
    7.0,
    7.0,
    14.0,
    25.0,
    8.0,
    19.0,
    5.0,
    22.0,
    21.0,
    22.0,
    7.0,
    31.0,
    20.0,
    6.0,
    27.0,
    8.0,
    19.0,
    27.0,
    8.0,
    5.0,
    8.0,
    5.0,
    18.0,
    64.0,
    33.0,
    10.0,
    11.0,
    23.0,
    31.0,
    7.0,
    3.0,
    22.0,
    41.0,
    12.0,
    16.0,
    6.0,
    13.0,
    12.0,
    8.0,
    29.0,
    62.0,
    10.0,
    34.0
  ]
}