{
  "algo": "d3qn",
  "run_dir": "results/cartpole/d3qn_cf_subsample/20251207-232608",
  "episodes": 20,
  "seed": 0,
  "use_ctrl_env": false,
  "action_noise_std": 0.0,
  "mean_return": 40.599998474121094,
  "std_return": 36.05317687988281,
  "returns": [
    14.0,
    24.0,
    84.0,
    25.0,
    28.0,
    27.0,
    55.0,
    20.0,
    65.0,
    20.0,
    32.0,
    29.0,
    16.0,
    23.0,
    20.0,
    173.0,
    46.0,
    20.0,
    48.0,
    43.0
  ]
}