{
  "mean_return": 17.3799991607666,
  "std_return": 13.10250473022461
}