{
  "algo": "d3qn",
  "run_dir": "results/cartpole/d3qn_real/20251208-005508",
  "episodes": 50,
  "seed": 0,
  "use_ctrl_env": false,
  "action_noise_std": 0.0,
  "mean_return": 53.560001373291016,
  "std_return": 25.158403396606445,
  "returns": [
    29.0,
    96.0,
    66.0,
    68.0,
    67.0,
    79.0,
    81.0,
    73.0,
    66.0,
    62.0,
    98.0,
    19.0,
    13.0,
    46.0,
    47.0,
    78.0,
    23.0,
    84.0,
    85.0,
    93.0,
    28.0,
    75.0,
    41.0,
    24.0,
    68.0,
    65.0,
    20.0,
    25.0,
    53.0,
    19.0,
    31.0,
    69.0,
    19.0,
    58.0,
    28.0,
    71.0,
    77.0,
    27.0,
    56.0,
    21.0,
    63.0,
    74.0,
    56.0,
    21.0,
    17.0,
    84.0,
    21.0,
    64.0,
    62.0,
    68.0
  ]
}