{
  "algo": "d3qn",
  "run_dir": "results/cartpole/d3qn_cf/20251208-011900/20251208-020252",
  "episodes": 50,
  "seed": 0,
  "use_ctrl_env": false,
  "action_noise_std": 0.0,
  "mean_return": 59.41999816894531,
  "std_return": 41.26622772216797,
  "returns": [
    62.0,
    25.0,
    26.0,
    65.0,
    15.0,
    75.0,
    28.0,
    81.0,
    19.0,
    116.0,
    106.0,
    14.0,
    31.0,
    66.0,
    94.0,
    44.0,
    20.0,
    103.0,
    57.0,
    103.0,
    55.0,
    159.0,
    57.0,
    58.0,
    92.0,
    76.0,
    56.0,
    29.0,
    104.0,
    40.0,
    54.0,
    56.0,
    16.0,
    54.0,
    51.0,
    75.0,
    26.0,
    16.0,
    28.0,
    16.0,
    92.0,
    102.0,
    144.0,
    24.0,
    10.0,
    203.0,
    38.0,
    50.0,
    21.0,
    19.0
  ]
}