{
  "mean_return": 18.719999313354492,
  "std_return": 12.053281784057617
}