{
  "mean_return": 18.579999923706055,
  "std_return": 10.560473442077637
}