{
  "mean_return": 19.760000228881836,
  "std_return": 13.852884292602539
}