{
  "algo": "d3qn",
  "run_dir": "results/cartpole/d3qn_cf/20251208-030303",
  "episodes": 50,
  "seed": 0,
  "use_ctrl_env": true,
  "action_noise_std": 0.0,
  "mean_return": 18.579999923706055,
  "std_return": 10.667689323425293,
  "returns": [
    27.0,
    25.0,
    8.0,
    27.0,
    11.0,
    9.0,
    17.0,
    7.0,
    8.0,
    14.0,
    17.0,
    16.0,
    27.0,
    5.0,
    37.0,
    21.0,
    26.0,
    7.0,
    48.0,
    12.0,
    7.0,
    34.0,
    8.0,
    18.0,
    11.0,
    19.0,
    6.0,
    9.0,
    5.0,
    11.0,
    24.0,
    11.0,
    20.0,
    37.0,
    19.0,
    26.0,
    19.0,
    3.0,
    30.0,
    19.0,
    24.0,
    26.0,
    8.0,
    18.0,
    35.0,
    7.0,
    17.0,
    16.0,
    39.0,
    34.0
  ]
}