{
  "algo": "d3qn",
  "run_dir": "results/cartpole/d3qn_cf/20251208-002507",
  "episodes": 50,
  "seed": 0,
  "use_ctrl_env": true,
  "action_noise_std": 0.0,
  "mean_return": 16.239999771118164,
  "std_return": 9.935629844665527,
  "returns": [
    18.0,
    31.0,
    7.0,
    33.0,
    22.0,
    8.0,
    20.0,
    7.0,
    9.0,
    27.0,
    22.0,
    23.0,
    9.0,
    5.0,
    18.0,
    14.0,
    14.0,
    7.0,
    27.0,
    20.0,
    6.0,
    16.0,
    7.0,
    14.0,
    14.0,
    41.0,
    6.0,
    8.0,
    5.0,
    10.0,
    25.0,
    25.0,
    12.0,
    25.0,
    48.0,
    12.0,
    6.0,
    3.0,
    13.0,
    15.0,
    12.0,
    13.0,
    6.0,
    15.0,
    18.0,
    9.0,
    35.0,
    16.0,
    10.0,
    26.0
  ]
}