{
  "mean_return": 17.34000015258789,
  "std_return": 9.124933242797852
}