{
  "mean_return": 18.479999542236328,
  "std_return": 12.459918975830078
}