{
  "D": [
    0.526885677467693,
    0.5011109628460624,
    0.4838044327316862,
    0.48964370651678607,
    0.4890355883222638,
    0.4891198927705938,
    0.4891863393061089,
    0.4882630398779204,
    0.4873001286477754,
    0.4907650929508787,
    0.48266192186962475,
    0.4844781657059987,
    0.48882544221300067,
    0.4819898785966815,
    0.4829011189215111,
    0.4839725431167718,
    0.48498945163958,
    0.48103001623442676,
    0.47974679054635944,
    0.48163940147920087,
    0.4844885314955856,
    0.4840778618147879,
    0.4839908191652009,
    0.4805346393223965,
    0.4788899981614315,
    0.48203633499867987,
    0.4801728797681404,
    0.4753994174075849,
    0.47439611409649707,
    0.48161735408233874,
    0.47991020300171594,
    0.4798021081722144,
    0.48300596078236896,
    0.48156101595271716,
    0.47933361205187713,
    0.4797711164662332,
    0.4797362676172545,
    0.4798927370345954,
    0.47848929239041876,
    0.4776316899241823,
    0.4796375794844194,
    0.48027793205145636,
    0.48043822610017023,
    0.48117304661057214,
    0.4819861343412688,
    0.4773446294394406,
    0.4717092170859828,
    0.4790573228489269,
    0.4826316074891524,
    0.47915609316392377
  ],
  "Adv": [
    0.6097225438464772,
    0.5204635786287712,
    0.47963951302297186,
    0.44440322120984393,
    0.42458316593459156,
    0.43544059269356006,
    0.43503417481075635,
    0.43334808674725617,
    0.4411574945305333,
    0.41957414059927967,
    0.4170641772674792,
    0.4364656489906889,
    0.413443869713581,
    0.41349095738295355,
    0.42834524223298737,
    0.414334495862325,
    0.41895845080866956,
    0.41410895188649494,
    0.41073058048884076,
    0.41297082828752923,
    0.4155990246570472,
    0.416870167761138,
    0.4155474810889273,
    0.4147213146542058,
    0.4057272591374137,
    0.41305720806121826,
    0.4096959179097956,
    0.40269226558280713,
    0.4072735869523251,
    0.40466247995694477,
    0.4107829549095847,
    0.4082547868743087,
    0.41135624051094055,
    0.41027889920003485,
    0.4112494271813017,
    0.40671496680288605,
    0.40913327173753217,
    0.4089244938257969,
    0.40567251498048956,
    0.4097731953317469,
    0.407656833077922,
    0.4074279855598103,
    0.4096316234631972,
    0.4101985367861661,
    0.40894838896664704,
    0.41161190740989917,
    0.3946876625219981,
    0.40579193649869977,
    0.41047790375622834,
    0.4068577957875801
  ],
  "EFL": [
    0.1604189933700995,
    0.07852784928047296,
    0.061063464392315255,
    0.05878300253640522,
    0.057932958232633995,
    0.0577522563663396,
    0.057536366085211434,
    0.057295937542662476,
    0.05711789271145156,
    0.056805163734790054,
    0.05682069582469536,
    0.05678158084099943,
    0.05668459877823338,
    0.05667402595281601,
    0.0567703733615803,
    0.0564349771223285,
    0.0563555583357811,
    0.05635413719397603,
    0.05649921749577378,
    0.05645963368993817,
    0.056273256626093025,
    0.056213719488093346,
    0.056262866339900276,
    0.056058980976090286,
    0.056128004283616036,
    0.05624274954651341,
    0.05602693399696639,
    0.05600966908263438,
    0.05610966942075527,
    0.055996101688254966,
    0.056086435349601685,
    0.056022948839447716,
    0.05593922463330356,
    0.05605817845824993,
    0.05600583869399446,
    0.055933746763251045,
    0.05574322932145812,
    0.05592089880144957,
    0.05594395394578124,
    0.05555499932079604,
    0.055537513146797814,
    0.0558125495233319,
    0.05579974694233952,
    0.0555954696328351,
    0.05561034945827542,
    0.055586407017527206,
    0.05589473202373042,
    0.055513843216679314,
    0.055449899173144135,
    0.0556684173643589
  ],
  "Gamma": [
    0.10016012806829398,
    0.10032552869760059,
    0.10049120246322103,
    0.10065714981620225,
    0.10082337120833602,
    0.10098986709216017,
    0.10115663792095986,
    0.10132368414876879,
    0.10149100623037038,
    0.10165860462129912,
    0.10182647977784175,
    0.10199463215703844,
    0.1021630622166842,
    0.10233177041532993,
    0.10250075721228386,
    0.10267002306761258,
    0.10283956844214251,
    0.10300939379746106,
    0.10317949959591784,
    0.10334988630062601,
    0.10352055437546347,
    0.10369150428507415,
    0.10386273649486931,
    0.1040342514710287,
    0.10420604968050201,
    0.1043781315910099,
    0.10455049767104557,
    0.10472314838987569,
    0.104896084217542,
    0.10506930562486237,
    0.10524281308343222,
    0.10541660706562568,
    0.105590688044597,
    0.10576505649428172,
    0.1059397128893981,
    0.10611465770544824,
    0.10628989141871953,
    0.10646541450628587,
    0.10664122744600896,
    0.10681733071653964,
    0.10699372479731915,
    0.10717041016858052,
    0.1073473873113498,
    0.10752465670744729,
    0.10770221883948912,
    0.10788007419088824,
    0.108058223245856,
    0.10823666648940328,
    0.10841540440734193,
    0.10859443748628604
  ]
}