{
  "algo": "d3qn",
  "run_dir": "results/cartpole/d3qn_cf/20251208-001932",
  "episodes": 20,
  "seed": 0,
  "use_ctrl_env": true,
  "action_noise_std": 0.0,
  "mean_return": 20.899999618530273,
  "std_return": 13.090373992919922,
  "returns": [
    37.0,
    27.0,
    7.0,
    52.0,
    17.0,
    8.0,
    22.0,
    7.0,
    9.0,
    14.0,
    22.0,
    19.0,
    19.0,
    5.0,
    35.0,
    18.0,
    27.0,
    7.0,
    22.0,
    44.0
  ]
}