{
  "mean_return": 20.520000457763672,
  "std_return": 14.05594539642334
}