{
  "mean_return": 17.040000915527344,
  "std_return": 12.882484436035156
}