{
  "mean_return": 19.299999237060547,
  "std_return": 12.450301170349121
}