{
  "mean_return": 16.739999771118164,
  "std_return": 9.110016822814941
}