{
  "mean_return": 16.579999923706055,
  "std_return": 11.789978981018066
}