{
  "mean_return": 17.280000686645508,
  "std_return": 10.121344566345215
}