{
  "algo": "rainbow",
  "run_dir": "results/cartpole/rainbow_reboot/20251208-001041",
  "episodes": 50,
  "seed": 0,
  "use_ctrl_env": false,
  "action_noise_std": 0.0,
  "mean_return": 10.899999618530273,
  "std_return": 1.6690459251403809,
  "returns": [
    13.0,
    13.0,
    9.0,
    9.0,
    9.0,
    10.0,
    11.0,
    10.0,
    12.0,
    11.0,
    9.0,
    10.0,
    13.0,
    9.0,
    9.0,
    11.0,
    13.0,
    10.0,
    13.0,
    13.0,
    13.0,
    9.0,
    13.0,
    12.0,
    10.0,
    12.0,
    13.0,
    13.0,
    9.0,
    10.0,
    13.0,
    9.0,
    11.0,
    9.0,
    11.0,
    9.0,
    9.0,
    13.0,
    9.0,
    13.0,
    9.0,
    12.0,
    9.0,
    14.0,
    11.0,
    9.0,
    12.0,
    10.0,
    11.0,
    11.0
  ]
}