{
  "algo": "d3qn",
  "run_dir": "results/cartpole/d3qn_cf/20251208-030806",
  "episodes": 50,
  "seed": 1,
  "use_ctrl_env": false,
  "action_noise_std": 0.0,
  "mean_return": 51.2599983215332,
  "std_return": 26.63878631591797,
  "returns": [
    59.0,
    128.0,
    70.0,
    38.0,
    34.0,
    64.0,
    63.0,
    57.0,
    61.0,
    29.0,
    33.0,
    14.0,
    122.0,
    36.0,
    35.0,
    30.0,
    49.0,
    26.0,
    12.0,
    49.0,
    79.0,
    61.0,
    58.0,
    152.0,
    60.0,
    12.0,
    51.0,
    29.0,
    34.0,
    55.0,
    53.0,
    31.0,
    48.0,
    49.0,
    14.0,
    55.0,
    63.0,
    50.0,
    47.0,
    47.0,
    35.0,
    60.0,
    36.0,
    73.0,
    55.0,
    36.0,
    37.0,
    57.0,
    65.0,
    52.0
  ]
}