{
  "mean_return": 16.280000686645508,
  "std_return": 9.101736068725586
}