{
  "algo": "d3qn",
  "run_dir": "results/cartpole/d3qn_cf/20251208-010813",
  "episodes": 50,
  "seed": 0,
  "use_ctrl_env": true,
  "action_noise_std": 0.0,
  "mean_return": 17.68000030517578,
  "std_return": 12.304702758789062,
  "returns": [
    27.0,
    40.0,
    7.0,
    34.0,
    43.0,
    8.0,
    16.0,
    7.0,
    9.0,
    14.0,
    43.0,
    11.0,
    19.0,
    5.0,
    22.0,
    23.0,
    24.0,
    7.0,
    18.0,
    11.0,
    6.0,
    21.0,
    7.0,
    19.0,
    13.0,
    19.0,
    6.0,
    17.0,
    5.0,
    20.0,
    32.0,
    22.0,
    10.0,
    11.0,
    12.0,
    13.0,
    8.0,
    3.0,
    22.0,
    60.0,
    12.0,
    14.0,
    6.0,
    20.0,
    16.0,
    9.0,
    24.0,
    48.0,
    10.0,
    11.0
  ]
}