{
  "algo": "d3qn",
  "run_dir": "results/cartpole/d3qn_real/20251207-223328",
  "episodes": 50,
  "seed": 0,
  "use_ctrl_env": false,
  "action_noise_std": 0.0,
  "mean_return": 34.58000183105469,
  "std_return": 19.858776092529297,
  "returns": [
    25.0,
    12.0,
    32.0,
    19.0,
    24.0,
    21.0,
    35.0,
    63.0,
    34.0,
    37.0,
    20.0,
    13.0,
    29.0,
    55.0,
    11.0,
    73.0,
    28.0,
    28.0,
    33.0,
    23.0,
    44.0,
    23.0,
    27.0,
    29.0,
    16.0,
    14.0,
    29.0,
    26.0,
    57.0,
    42.0,
    34.0,
    66.0,
    35.0,
    78.0,
    22.0,
    27.0,
    23.0,
    18.0,
    19.0,
    28.0,
    65.0,
    14.0,
    29.0,
    79.0,
    12.0,
    70.0,
    19.0,
    71.0,
    75.0,
    23.0
  ]
}