{
  "mean_return": 18.559999465942383,
  "std_return": 11.442307472229004
}