{
  "algo": "d3qn",
  "run_dir": "results/cartpole/d3qn_cf/20251208-031646",
  "episodes": 50,
  "seed": 2,
  "use_ctrl_env": true,
  "action_noise_std": 0.0,
  "mean_return": 21.139999389648438,
  "std_return": 12.866679191589355,
  "returns": [
    8.0,
    28.0,
    20.0,
    27.0,
    15.0,
    8.0,
    21.0,
    7.0,
    10.0,
    16.0,
    28.0,
    48.0,
    44.0,
    5.0,
    23.0,
    21.0,
    26.0,
    7.0,
    50.0,
    15.0,
    6.0,
    34.0,
    8.0,
    18.0,
    13.0,
    17.0,
    6.0,
    9.0,
    5.0,
    22.0,
    36.0,
    23.0,
    33.0,
    42.0,
    34.0,
    31.0,
    8.0,
    3.0,
    32.0,
    30.0,
    20.0,
    26.0,
    8.0,
    20.0,
    34.0,
    7.0,
    21.0,
    52.0,
    19.0,
    13.0
  ]
}