{
  "algo": "d3qn",
  "run_dir": "results/cartpole/d3qn_cf/20251208-002253",
  "episodes": 20,
  "seed": 0,
  "use_ctrl_env": true,
  "action_noise_std": 0.0,
  "mean_return": 16.700000762939453,
  "std_return": 10.162365913391113,
  "returns": [
    19.0,
    14.0,
    7.0,
    33.0,
    36.0,
    8.0,
    12.0,
    7.0,
    8.0,
    10.0,
    39.0,
    11.0,
    26.0,
    5.0,
    15.0,
    14.0,
    24.0,
    8.0,
    18.0,
    20.0
  ]
}