{
  "mean_return": 17.100000381469727,
  "std_return": 11.347686767578125
}