{
  "algo": "d3qn",
  "run_dir": "results/cartpole/d3qn_cf/20251208-001932",
  "episodes": 20,
  "seed": 0,
  "use_ctrl_env": false,
  "action_noise_std": 0.0,
  "mean_return": 21.549999237060547,
  "std_return": 18.04519271850586,
  "returns": [
    14.0,
    17.0,
    70.0,
    10.0,
    64.0,
    14.0,
    18.0,
    21.0,
    12.0,
    14.0,
    14.0,
    13.0,
    16.0,
    13.0,
    13.0,
    52.0,
    8.0,
    13.0,
    11.0,
    24.0
  ]
}