{
  "algo": "d3qn",
  "run_dir": "results/cartpole/d3qn_cf/20251208-001746",
  "episodes": 20,
  "seed": 0,
  "use_ctrl_env": false,
  "action_noise_std": 0.0,
  "mean_return": 47.900001525878906,
  "std_return": 24.981887817382812,
  "returns": [
    69.0,
    74.0,
    43.0,
    40.0,
    28.0,
    31.0,
    38.0,
    38.0,
    19.0,
    34.0,
    49.0,
    41.0,
    23.0,
    129.0,
    49.0,
    52.0,
    80.0,
    30.0,
    53.0,
    38.0
  ]
}