{
  "algo": "d3qn",
  "run_dir": "results/cartpole/d3qn_cf/20251208-004721",
  "episodes": 50,
  "seed": 0,
  "use_ctrl_env": true,
  "action_noise_std": 0.0,
  "mean_return": 17.920000076293945,
  "std_return": 12.361625671386719,
  "returns": [
    8.0,
    31.0,
    7.0,
    47.0,
    19.0,
    8.0,
    16.0,
    7.0,
    10.0,
    19.0,
    22.0,
    11.0,
    32.0,
    5.0,
    58.0,
    35.0,
    26.0,
    7.0,
    21.0,
    21.0,
    6.0,
    35.0,
    8.0,
    18.0,
    13.0,
    16.0,
    6.0,
    9.0,
    5.0,
    21.0,
    32.0,
    42.0,
    13.0,
    36.0,
    27.0,
    14.0,
    7.0,
    3.0,
    15.0,
    39.0,
    12.0,
    12.0,
    6.0,
    18.0,
    12.0,
    8.0,
    15.0,
    16.0,
    10.0,
    12.0
  ]
}