{
  "mean_return": 18.860000610351562,
  "std_return": 14.190152168273926
}