{
  "mean_return": 19.1200008392334,
  "std_return": 12.50222396850586
}