{
  "mean_return": 16.239999771118164,
  "std_return": 9.835771560668945
}