{
  "algo": "d3qn",
  "run_dir": "results/cartpole/d3qn_cf/20251208-000153",
  "episodes": 20,
  "seed": 0,
  "use_ctrl_env": false,
  "action_noise_std": 0.0,
  "mean_return": 27.049999237060547,
  "std_return": 9.805878639221191,
  "returns": [
    27.0,
    39.0,
    11.0,
    11.0,
    18.0,
    31.0,
    23.0,
    37.0,
    22.0,
    29.0,
    22.0,
    42.0,
    16.0,
    28.0,
    28.0,
    43.0,
    28.0,
    16.0,
    30.0,
    40.0
  ]
}