{
  "D": [
    0.514892794976109,
    0.4888486991587438,
    0.48784201945129196,
    0.4889405938355546,
    0.482956411022889,
    0.48557388821714803,
    0.4760745242238045,
    0.4825423179488433,
    0.4734308154959428,
    0.4839905421984823,
    0.48523469269275665,
    0.47917587662998,
    0.4791551028427325,
    0.47509779232112986,
    0.4849156086382113,
    0.4854037004866098,
    0.4854410580898586,
    0.4813157974889404,
    0.48230823952900737,
    0.48789976301946136,
    0.47828726588111176,
    0.4841052521216242,
    0.4773057977619924,
    0.4765508323907852,
    0.4772556451590438,
    0.4800727555626317,
    0.4707923555060437,
    0.4827609732747078,
    0.4734797116957213,
    0.48560658881538793,
    0.48416631629592494,
    0.4795630958519484,
    0.4836138941739735,
    0.4771706505041373,
    0.47151196316668864,
    0.4782161645983395,
    0.4786400238150044,
    0.48130405576605545,
    0.4791634882751264,
    0.4750369673496799,
    0.48203741484566737,
    0.48042516331923635,
    0.47361626907398824,
    0.4816114667214845,
    0.4785854596840708,
    0.47989673285107864,
    0.4809392157353853,
    0.47977474645564433,
    0.4768722323994887,
    0.47936376615574483
  ],
  "Adv": [
    0.577581940905044,
    0.456781020682109,
    0.42833991309529856,
    0.4379260500794963,
    0.4162841043189952,
    0.4240234729490782,
    0.41126828797553716,
    0.41619047561758443,
    0.4091631334863211,
    0.4146062418034202,
    0.4132640820584799,
    0.4106908413140397,
    0.4063711280101224,
    0.40379623794241953,
    0.41459320446378306,
    0.409461189649607,
    0.41791608184576035,
    0.413518946029638,
    0.41031957731435176,
    0.41841338025896174,
    0.41046520949978577,
    0.4106017700151393,
    0.4055038384701076,
    0.40791739641051544,
    0.4004174635598534,
    0.41133997393281835,
    0.4004895636125615,
    0.4077182129809731,
    0.4015273126332383,
    0.41185357147141505,
    0.4138715922048217,
    0.4092993606862269,
    0.410584295266553,
    0.4061848536918038,
    0.40277156351428284,
    0.40294425307135834,
    0.4075377101176663,
    0.4088500444042055,
    0.4090062599433096,
    0.4035091439360066,
    0.41030421147221013,
    0.4066022999192539,
    0.402455777714127,
    0.4124812005381835,
    0.40778689400145884,
    0.4094386814456237,
    0.40876473211928416,
    0.4072614908218384,
    0.4059782322300108,
    0.4052988871147758
  ],
  "EFL": [
    0.11585786571039965,
    0.06266337593919352,
    0.06067833451456145,
    0.059658995976573544,
    0.059040967375040054,
    0.05855509579965943,
    0.05826962739229202,
    0.05799806897381419,
    0.05795228015631437,
    0.05789129269358359,
    0.05753779803451739,
    0.05756469982627191,
    0.05743386934658414,
    0.057280979217275194,
    0.0572175611496756,
    0.057225647872607956,
    0.05703334794624856,
    0.05711435605036585,
    0.056927629550428765,
    0.056850677356123924,
    0.056633846442166125,
    0.05696001482245169,
    0.0568899445627865,
    0.056880609279400425,
    0.05650775850211319,
    0.056609063997472585,
    0.056702597507912865,
    0.05660805062047745,
    0.05656676357121844,
    0.056469861957195555,
    0.056520777215298856,
    0.05653762194867197,
    0.05644392408430576,
    0.056416515113883896,
    0.05613568341849666,
    0.056295086286569894,
    0.056086133920440547,
    0.05613264838527692,
    0.05617163055821469,
    0.05590088224332584,
    0.05605368968099356,
    0.05610732650874477,
    0.05582960910703007,
    0.05582851053852784,
    0.05589323162444328,
    0.05582821256432094,
    0.055966458234347795,
    0.05583985046924729,
    0.05591329687127942,
    0.055773921506969554
  ],
  "Gamma": [
    0.10037570400473084,
    0.10075785731137375,
    0.101141465563227,
    0.10152653429960044,
    0.10191306908089331,
    0.10230107548867456,
    0.10269055912576344,
    0.10308152561631051,
    0.1034739806058786,
    0.10386792976152462,
    0.10426337877188124,
    0.10466033334723901,
    0.1050587992196289,
    0.10545878214290505,
    0.10586028789282781,
    0.10626332226714717,
    0.10666789108568653,
    0.10707400019042664,
    0.10748165544559003,
    0.10789086273772569,
    0.108301627975794,
    0.10871395709125212,
    0.10912785603813968,
    0.10954333079316465,
    0.10996038735578972,
    0.11037903174831892,
    0.1107992700159845,
    0.11122110822703438,
    0.11164455247281964,
    0.11206960886788256,
    0.11249628355004489,
    0.11292458268049642,
    0.11335451244388405,
    0.11378607904840105,
    0.11421928872587664,
    0.11465414773186614,
    0.11509066234574115,
    0.11552883887078023,
    0.11596868363426008,
    0.11641020298754667,
    0.1168534033061872,
    0.11729829099000189,
    0.11774487246317669,
    0.11819315417435582,
    0.11864314259673495,
    0.11909484422815474,
    0.11954826559119458,
    0.12000341323326687,
    0.12046029372671144,
    0.12091891366889054
  ]
}