{
  "algo": "d3qn",
  "run_dir": "results/cartpole/d3qn_real/20251208-005508",
  "episodes": 50,
  "seed": 0,
  "use_ctrl_env": true,
  "action_noise_std": 0.0,
  "mean_return": 17.18000030517578,
  "std_return": 11.973934173583984,
  "returns": [
    17.0,
    31.0,
    7.0,
    19.0,
    24.0,
    11.0,
    27.0,
    8.0,
    8.0,
    16.0,
    38.0,
    8.0,
    24.0,
    5.0,
    22.0,
    14.0,
    32.0,
    7.0,
    26.0,
    15.0,
    6.0,
    31.0,
    8.0,
    14.0,
    14.0,
    8.0,
    6.0,
    66.0,
    5.0,
    18.0,
    23.0,
    10.0,
    12.0,
    21.0,
    9.0,
    48.0,
    6.0,
    3.0,
    24.0,
    31.0,
    12.0,
    16.0,
    6.0,
    16.0,
    16.0,
    9.0,
    21.0,
    21.0,
    10.0,
    10.0
  ]
}