{
  "algo": "d3qn",
  "run_dir": "results/cartpole/d3qn_cf/20251208-004721",
  "episodes": 50,
  "seed": 0,
  "use_ctrl_env": false,
  "action_noise_std": 0.0,
  "mean_return": 41.220001220703125,
  "std_return": 22.692523956298828,
  "returns": [
    18.0,
    54.0,
    60.0,
    37.0,
    25.0,
    96.0,
    116.0,
    50.0,
    50.0,
    20.0,
    44.0,
    31.0,
    29.0,
    88.0,
    38.0,
    67.0,
    30.0,
    46.0,
    28.0,
    50.0,
    29.0,
    29.0,
    28.0,
    48.0,
    34.0,
    19.0,
    27.0,
    28.0,
    42.0,
    28.0,
    16.0,
    45.0,
    27.0,
    47.0,
    31.0,
    24.0,
    31.0,
    52.0,
    17.0,
    32.0,
    17.0,
    38.0,
    45.0,
    22.0,
    36.0,
    21.0,
    60.0,
    115.0,
    54.0,
    42.0
  ]
}