{
  "algo": "d3qn",
  "run_dir": "results/cartpole/d3qn_cf_subsample10/20251207-233255",
  "episodes": 20,
  "seed": 0,
  "use_ctrl_env": false,
  "action_noise_std": 0.0,
  "mean_return": 29.899999618530273,
  "std_return": 16.89876937866211,
  "returns": [
    80.0,
    35.0,
    14.0,
    14.0,
    26.0,
    22.0,
    22.0,
    14.0,
    25.0,
    15.0,
    37.0,
    52.0,
    25.0,
    17.0,
    15.0,
    27.0,
    52.0,
    47.0,
    28.0,
    31.0
  ]
}