{
  "algo": "d3qn",
  "run_dir": "results/cartpole/d3qn_cf/20251208-031646",
  "episodes": 50,
  "seed": 2,
  "use_ctrl_env": false,
  "action_noise_std": 0.0,
  "mean_return": 127.94000244140625,
  "std_return": 66.13542175292969,
  "returns": [
    96.0,
    135.0,
    114.0,
    120.0,
    109.0,
    157.0,
    105.0,
    478.0,
    131.0,
    97.0,
    98.0,
    99.0,
    107.0,
    214.0,
    174.0,
    136.0,
    113.0,
    77.0,
    106.0,
    112.0,
    92.0,
    152.0,
    88.0,
    107.0,
    131.0,
    65.0,
    88.0,
    106.0,
    184.0,
    94.0,
    88.0,
    85.0,
    92.0,
    185.0,
    106.0,
    62.0,
    149.0,
    121.0,
    104.0,
    98.0,
    286.0,
    167.0,
    119.0,
    77.0,
    95.0,
    221.0,
    67.0,
    152.0,
    123.0,
    115.0
  ]
}