{
  "algo": "d3qn",
  "run_dir": "results/cartpole/d3qn_real/20251208-011400/20251208-011321",
  "episodes": 50,
  "seed": 0,
  "use_ctrl_env": true,
  "action_noise_std": 0.0,
  "mean_return": 16.739999771118164,
  "std_return": 9.202506065368652,
  "returns": [
    17.0,
    19.0,
    15.0,
    33.0,
    26.0,
    8.0,
    34.0,
    8.0,
    10.0,
    29.0,
    18.0,
    11.0,
    13.0,
    5.0,
    15.0,
    17.0,
    20.0,
    8.0,
    17.0,
    20.0,
    6.0,
    21.0,
    7.0,
    32.0,
    15.0,
    17.0,
    6.0,
    12.0,
    5.0,
    10.0,
    21.0,
    11.0,
    10.0,
    9.0,
    37.0,
    23.0,
    25.0,
    3.0,
    37.0,
    27.0,
    20.0,
    29.0,
    6.0,
    23.0,
    16.0,
    9.0,
    29.0,
    8.0,
    10.0,
    10.0
  ]
}