{
  "algo": "d3qn",
  "run_dir": "results/cartpole/d3qn_cf_subsample25/20251207-232950",
  "episodes": 20,
  "seed": 0,
  "use_ctrl_env": false,
  "action_noise_std": 0.0,
  "mean_return": 33.849998474121094,
  "std_return": 21.66558074951172,
  "returns": [
    10.0,
    27.0,
    17.0,
    18.0,
    25.0,
    77.0,
    19.0,
    60.0,
    22.0,
    59.0,
    19.0,
    14.0,
    16.0,
    39.0,
    23.0,
    27.0,
    16.0,
    53.0,
    66.0,
    70.0
  ]
}