{
  "algo": "d3qn",
  "run_dir": "results/cartpole/d3qn_cf/20251207-234636",
  "episodes": 20,
  "seed": 0,
  "use_ctrl_env": false,
  "action_noise_std": 0.0,
  "mean_return": 19.399999618530273,
  "std_return": 6.548603534698486,
  "returns": [
    14.0,
    38.0,
    19.0,
    12.0,
    22.0,
    20.0,
    17.0,
    15.0,
    28.0,
    25.0,
    28.0,
    15.0,
    19.0,
    15.0,
    24.0,
    20.0,
    15.0,
    12.0,
    15.0,
    15.0
  ]
}