{
  "mean_return": 16.940000534057617,
  "std_return": 9.644500732421875
}