{
  "mean_return": 15.9399995803833,
  "std_return": 10.14378547668457
}