{
  "mean_return": 17.920000076293945,
  "std_return": 12.237385749816895
}