{
  "mean_return": 18.6200008392334,
  "std_return": 13.255775451660156
}