{
  "algo": "d3qn",
  "run_dir": "results/cartpole/d3qn_cf/20251208-001331",
  "episodes": 20,
  "seed": 0,
  "use_ctrl_env": false,
  "action_noise_std": 0.0,
  "mean_return": 25.200000762939453,
  "std_return": 13.129316329956055,
  "returns": [
    14.0,
    24.0,
    24.0,
    15.0,
    14.0,
    22.0,
    20.0,
    15.0,
    15.0,
    46.0,
    17.0,
    48.0,
    15.0,
    19.0,
    44.0,
    21.0,
    28.0,
    58.0,
    27.0,
    18.0
  ]
}