{
  "mean_return": 14.100000381469727,
  "std_return": 7.077429294586182
}