{
  "algo": "d3qn",
  "run_dir": "results/cartpole/d3qn_cf/20251208-030303",
  "episodes": 50,
  "seed": 0,
  "use_ctrl_env": false,
  "action_noise_std": 0.0,
  "mean_return": 52.400001525878906,
  "std_return": 25.62763214111328,
  "returns": [
    31.0,
    80.0,
    34.0,
    40.0,
    43.0,
    54.0,
    53.0,
    81.0,
    109.0,
    54.0,
    65.0,
    29.0,
    35.0,
    161.0,
    62.0,
    49.0,
    34.0,
    69.0,
    34.0,
    31.0,
    32.0,
    37.0,
    58.0,
    59.0,
    52.0,
    43.0,
    33.0,
    36.0,
    59.0,
    27.0,
    30.0,
    91.0,
    35.0,
    15.0,
    37.0,
    70.0,
    43.0,
    43.0,
    37.0,
    32.0,
    58.0,
    77.0,
    81.0,
    38.0,
    42.0,
    51.0,
    63.0,
    36.0,
    53.0,
    104.0
  ]
}