{
  "algo": "d3qn",
  "run_dir": "results/cartpole/d3qn_cf/20251208-010232",
  "episodes": 50,
  "seed": 0,
  "use_ctrl_env": false,
  "action_noise_std": 0.0,
  "mean_return": 44.13999938964844,
  "std_return": 27.942367553710938,
  "returns": [
    59.0,
    19.0,
    15.0,
    67.0,
    49.0,
    50.0,
    29.0,
    32.0,
    19.0,
    112.0,
    63.0,
    15.0,
    42.0,
    25.0,
    26.0,
    86.0,
    24.0,
    26.0,
    56.0,
    63.0,
    93.0,
    61.0,
    103.0,
    12.0,
    34.0,
    28.0,
    54.0,
    14.0,
    22.0,
    19.0,
    84.0,
    29.0,
    74.0,
    15.0,
    91.0,
    62.0,
    52.0,
    18.0,
    13.0,
    23.0,
    51.0,
    14.0,
    47.0,
    48.0,
    9.0,
    13.0,
    42.0,
    63.0,
    35.0,
    107.0
  ]
}