{
  "algo": "d3qn",
  "run_dir": "results/cartpole/d3qn_cf/20251208-004416",
  "episodes": 50,
  "seed": 0,
  "use_ctrl_env": false,
  "action_noise_std": 0.0,
  "mean_return": 24.100000381469727,
  "std_return": 18.46480369567871,
  "returns": [
    20.0,
    39.0,
    21.0,
    17.0,
    22.0,
    15.0,
    18.0,
    12.0,
    44.0,
    16.0,
    11.0,
    9.0,
    15.0,
    34.0,
    14.0,
    124.0,
    41.0,
    16.0,
    15.0,
    15.0,
    13.0,
    16.0,
    15.0,
    27.0,
    15.0,
    13.0,
    36.0,
    43.0,
    14.0,
    10.0,
    13.0,
    29.0,
    12.0,
    14.0,
    13.0,
    12.0,
    18.0,
    23.0,
    15.0,
    43.0,
    38.0,
    38.0,
    34.0,
    48.0,
    12.0,
    14.0,
    16.0,
    38.0,
    43.0,
    12.0
  ]
}