{
  "mean_return": 19.239999771118164,
  "std_return": 13.900445938110352
}