{
  "algo": "d3qn",
  "run_dir": "results/cartpole/d3qn_cf/20251208-001746",
  "episodes": 20,
  "seed": 0,
  "use_ctrl_env": true,
  "action_noise_std": 0.0,
  "mean_return": 18.350000381469727,
  "std_return": 9.033708572387695,
  "returns": [
    27.0,
    28.0,
    29.0,
    35.0,
    15.0,
    8.0,
    22.0,
    7.0,
    8.0,
    13.0,
    17.0,
    20.0,
    13.0,
    5.0,
    32.0,
    23.0,
    23.0,
    7.0,
    14.0,
    21.0
  ]
}