{
  "algo": "d3qn",
  "run_dir": "results/cartpole/d3qn_cf/20251208-001331",
  "episodes": 20,
  "seed": 0,
  "use_ctrl_env": true,
  "action_noise_std": 0.0,
  "mean_return": 17.049999237060547,
  "std_return": 8.261992454528809,
  "returns": [
    17.0,
    20.0,
    8.0,
    32.0,
    24.0,
    11.0,
    24.0,
    8.0,
    8.0,
    17.0,
    31.0,
    11.0,
    15.0,
    5.0,
    16.0,
    27.0,
    15.0,
    7.0,
    27.0,
    18.0
  ]
}