{
  "algo": "d3qn",
  "run_dir": "results/cartpole/d3qn_real/20251208-011400/20251208-011321",
  "episodes": 50,
  "seed": 0,
  "use_ctrl_env": false,
  "action_noise_std": 0.0,
  "mean_return": 34.41999816894531,
  "std_return": 22.294952392578125,
  "returns": [
    16.0,
    33.0,
    18.0,
    21.0,
    13.0,
    26.0,
    42.0,
    13.0,
    32.0,
    19.0,
    17.0,
    24.0,
    21.0,
    20.0,
    16.0,
    51.0,
    94.0,
    26.0,
    40.0,
    49.0,
    50.0,
    16.0,
    22.0,
    79.0,
    33.0,
    44.0,
    18.0,
    96.0,
    27.0,
    39.0,
    53.0,
    20.0,
    34.0,
    13.0,
    21.0,
    12.0,
    30.0,
    89.0,
    17.0,
    85.0,
    21.0,
    36.0,
    13.0,
    29.0,
    74.0,
    19.0,
    34.0,
    36.0,
    33.0,
    37.0
  ]
}