{
  "algo": "d3qn",
  "run_dir": "results/cartpole/d3qn_cf/20251208-010114",
  "episodes": 50,
  "seed": 0,
  "use_ctrl_env": false,
  "action_noise_std": 0.0,
  "mean_return": 52.18000030517578,
  "std_return": 41.07965850830078,
  "returns": [
    92.0,
    12.0,
    27.0,
    183.0,
    38.0,
    37.0,
    165.0,
    23.0,
    13.0,
    25.0,
    33.0,
    98.0,
    17.0,
    20.0,
    43.0,
    48.0,
    104.0,
    42.0,
    96.0,
    19.0,
    14.0,
    56.0,
    73.0,
    114.0,
    71.0,
    78.0,
    92.0,
    70.0,
    35.0,
    91.0,
    16.0,
    30.0,
    21.0,
    16.0,
    14.0,
    15.0,
    28.0,
    122.0,
    17.0,
    98.0,
    20.0,
    73.0,
    41.0,
    102.0,
    19.0,
    21.0,
    52.0,
    38.0,
    16.0,
    21.0
  ]
}