{
  "mean_return": 20.100000381469727,
  "std_return": 14.495862007141113
}