{
  "mean_return": 18.18000030517578,
  "std_return": 11.306086540222168
}