{
  "algo": "d3qn",
  "run_dir": "results/cartpole/d3qn_cf/20251208-002914",
  "episodes": 50,
  "seed": 0,
  "use_ctrl_env": false,
  "action_noise_std": 0.0,
  "mean_return": 28.34000015258789,
  "std_return": 17.380037307739258,
  "returns": [
    25.0,
    71.0,
    18.0,
    21.0,
    24.0,
    46.0,
    11.0,
    34.0,
    31.0,
    20.0,
    19.0,
    19.0,
    74.0,
    40.0,
    63.0,
    11.0,
    39.0,
    35.0,
    16.0,
    20.0,
    15.0,
    49.0,
    21.0,
    37.0,
    14.0,
    30.0,
    23.0,
    28.0,
    28.0,
    18.0,
    16.0,
    92.0,
    17.0,
    17.0,
    20.0,
    15.0,
    18.0,
    14.0,
    15.0,
    48.0,
    34.0,
    41.0,
    20.0,
    28.0,
    18.0,
    38.0,
    11.0,
    12.0,
    23.0,
    20.0
  ]
}