{
  "algo": "d3qn",
  "run_dir": "results/cartpole/d3qn_cf/20251208-023000/20251208-021148",
  "episodes": 50,
  "seed": 0,
  "use_ctrl_env": true,
  "action_noise_std": 0.0,
  "mean_return": 17.280000686645508,
  "std_return": 10.224101066589355,
  "returns": [
    18.0,
    15.0,
    17.0,
    18.0,
    28.0,
    8.0,
    34.0,
    8.0,
    10.0,
    11.0,
    37.0,
    14.0,
    28.0,
    4.0,
    27.0,
    17.0,
    25.0,
    7.0,
    12.0,
    23.0,
    6.0,
    27.0,
    7.0,
    19.0,
    14.0,
    17.0,
    5.0,
    9.0,
    5.0,
    16.0,
    19.0,
    11.0,
    12.0,
    51.0,
    23.0,
    31.0,
    8.0,
    3.0,
    21.0,
    15.0,
    12.0,
    23.0,
    6.0,
    31.0,
    16.0,
    9.0,
    31.0,
    34.0,
    10.0,
    12.0
  ]
}