{
  "algo": "d3qn",
  "run_dir": "results/cartpole/d3qn_cf/20251208-024339",
  "episodes": 50,
  "seed": 0,
  "use_ctrl_env": false,
  "action_noise_std": 0.0,
  "mean_return": 70.73999786376953,
  "std_return": 18.175796508789062,
  "returns": [
    73.0,
    123.0,
    61.0,
    72.0,
    67.0,
    84.0,
    85.0,
    81.0,
    107.0,
    52.0,
    52.0,
    58.0,
    68.0,
    37.0,
    62.0,
    100.0,
    71.0,
    43.0,
    82.0,
    76.0,
    61.0,
    52.0,
    40.0,
    70.0,
    70.0,
    33.0,
    77.0,
    60.0,
    53.0,
    73.0,
    61.0,
    55.0,
    82.0,
    108.0,
    63.0,
    75.0,
    79.0,
    78.0,
    74.0,
    77.0,
    68.0,
    91.0,
    65.0,
    60.0,
    73.0,
    63.0,
    52.0,
    101.0,
    84.0,
    85.0
  ]
}