{
  "mean_return": 21.139999389648438,
  "std_return": 12.7373628616333
}