{
  "mean_return": 17.68000030517578,
  "std_return": 12.181035041809082
}