{
  "algo": "d3qn",
  "run_dir": "results/cartpole/d3qn_cf/20251208-011600/20251208-011603",
  "episodes": 50,
  "seed": 0,
  "use_ctrl_env": true,
  "action_noise_std": 0.0,
  "mean_return": 14.100000381469727,
  "std_return": 7.149282932281494,
  "returns": [
    8.0,
    16.0,
    17.0,
    16.0,
    11.0,
    8.0,
    15.0,
    7.0,
    6.0,
    11.0,
    8.0,
    19.0,
    32.0,
    5.0,
    18.0,
    17.0,
    34.0,
    7.0,
    12.0,
    10.0,
    6.0,
    19.0,
    8.0,
    14.0,
    11.0,
    18.0,
    5.0,
    18.0,
    5.0,
    13.0,
    9.0,
    14.0,
    26.0,
    9.0,
    18.0,
    18.0,
    22.0,
    3.0,
    20.0,
    19.0,
    24.0,
    7.0,
    8.0,
    17.0,
    30.0,
    7.0,
    14.0,
    12.0,
    18.0,
    16.0
  ]
}