{
  "algo": "d3qn",
  "run_dir": "results/cartpole/d3qn_cf/20251208-001514",
  "episodes": 20,
  "seed": 0,
  "use_ctrl_env": true,
  "action_noise_std": 0.0,
  "mean_return": 18.450000762939453,
  "std_return": 11.700090408325195,
  "returns": [
    17.0,
    20.0,
    7.0,
    51.0,
    17.0,
    9.0,
    25.0,
    8.0,
    10.0,
    17.0,
    25.0,
    14.0,
    17.0,
    5.0,
    12.0,
    17.0,
    42.0,
    7.0,
    29.0,
    20.0
  ]
}