{
  "algo": "d3qn",
  "run_dir": "results/cartpole/d3qn_cf/20251208-010114",
  "episodes": 50,
  "seed": 0,
  "use_ctrl_env": true,
  "action_noise_std": 0.0,
  "mean_return": 16.280000686645508,
  "std_return": 9.19414234161377,
  "returns": [
    35.0,
    31.0,
    7.0,
    16.0,
    10.0,
    9.0,
    20.0,
    7.0,
    6.0,
    12.0,
    26.0,
    24.0,
    13.0,
    5.0,
    15.0,
    14.0,
    26.0,
    7.0,
    18.0,
    15.0,
    6.0,
    19.0,
    7.0,
    18.0,
    14.0,
    17.0,
    6.0,
    18.0,
    5.0,
    27.0,
    17.0,
    37.0,
    10.0,
    9.0,
    27.0,
    18.0,
    8.0,
    3.0,
    23.0,
    18.0,
    20.0,
    24.0,
    6.0,
    20.0,
    17.0,
    7.0,
    31.0,
    42.0,
    11.0,
    13.0
  ]
}